set foreign_key_checks = 0;
truncate table UNIVERSE;
truncate table UNIVERSE_HASHTAG;
truncate table UNIVERSE_LIKE;
truncate table HASHTAG;
truncate table CATEGORY;
truncate table SPACE;
truncate table PIECE;
truncate table SOUND;
set foreign_key_checks = 1;

INSERT INTO CATEGORY(ID, UUID, TITLE_KOR, TITLE_ENG)
values (1, UUID_TO_BIN('019809b6-2061-7538-84a3-d2d9943521cc'), '생활', 'LIFE'),
       (2, UUID_TO_BIN('019809b6-2061-7c79-8a77-188f3cad10cf'), '공공', 'PUBLIC'),
       (3, UUID_TO_BIN('019809b6-2061-757e-ae23-5a49c6ad1f91'), '정부', 'GOVERNMENT');

INSERT INTO UNIVERSE (UUID, CATEGORY_ID, OWNER_ID, OWNER_NICKNAME,
                      THUMBMUSIC_FILE_ID, THUMBNAIL_FILE_ID, BACKGROUND_FILE_ID,
                      VIEW_COUNT, ACCESS_LEVEL, TITLE, DESCRIPTION, CREATED_TIME, UPDATED_TIME)
VALUES (UUID_TO_BIN('01980936-67d1-7324-8419-ac49be906b88'), 2, 1, 'leaf',
        UUID_TO_BIN('11111111-0000-0000-0000-000000000001'),
        UUID_TO_BIN('22222222-0000-0000-0000-000000000001'),
        UUID_TO_BIN('33333333-0000-0000-0000-000000000001'),
        1, 'PUBLIC', '정책 유니버스', '공공기관 관련 유니버스입니다.', '2025-07-09 15:00:00', '2025-07-09 15:00:00'),

       (UUID_TO_BIN('01980936-67d1-7dbd-b3bc-894c782dd5e8'), 2, 1, 'leaf',
        UUID_TO_BIN('11111111-0000-0000-0000-000000000002'),
        UUID_TO_BIN('22222222-0000-0000-0000-000000000002'),
        UUID_TO_BIN('33333333-0000-0000-0000-000000000002'),
        2, 'PRIVATE', '비공개 정책', '비공개 공공기관 유니버스입니다.', '2025-07-09 15:01:00', '2025-07-09 15:01:00'),

       (UUID_TO_BIN('01980936-67d1-7353-bb16-220e35868f90'), 1, 1, 'leaf',
        UUID_TO_BIN('11111111-0000-0000-0000-000000000003'),
        UUID_TO_BIN('22222222-0000-0000-0000-000000000003'),
        UUID_TO_BIN('33333333-0000-0000-0000-000000000003'),
        3, 'PUBLIC', '건강 유니버스', '건강 기관과 관련된 콘텐츠입니다.', '2025-07-09 15:02:00', '2025-07-09 15:02:00'),

       (UUID_TO_BIN('01980936-67d1-7929-8f48-af4e69c9d87c'), 1, 1, 'leaf',
        UUID_TO_BIN('11111111-0000-0000-0000-000000000004'),
        UUID_TO_BIN('22222222-0000-0000-0000-000000000004'),
        UUID_TO_BIN('33333333-0000-0000-0000-000000000004'),
        5, 'PRIVATE', '비공개 건강 정보', '비공개 건강 관련 정보입니다.', '2025-07-09 15:03:00', '2025-07-09 15:03:00'),

       (UUID_TO_BIN('01980936-67d1-7594-95a4-d9d7239bbb4e'), 1, 1, 'leaf',
        UUID_TO_BIN('11111111-0000-0000-0000-000000000005'),
        UUID_TO_BIN('22222222-0000-0000-0000-000000000005'),
        UUID_TO_BIN('33333333-0000-0000-0000-000000000005'),
        4, 'PUBLIC', '라이프스타일 유니버스', '생활과 일상에 대한 이야기입니다.', '2025-07-09 15:04:00', '2025-07-09 15:04:00'),

       (UUID_TO_BIN('01980936-67d1-70ee-a9c9-9101ede0a3aa'), 1, 1, 'leaf',
        UUID_TO_BIN('11111111-0000-0000-0000-000000000006'),
        UUID_TO_BIN('22222222-0000-0000-0000-000000000006'),
        UUID_TO_BIN('33333333-0000-0000-0000-000000000006'),
        7, 'PRIVATE', '비공개 라이프', '비공개 일상 콘텐츠입니다.', '2025-07-09 15:05:00', '2025-07-09 15:05:00'),

       (UUID_TO_BIN('01980936-67d1-7c99-98e7-e7b000fcc774'), 1, 1, 'leaf',
        UUID_TO_BIN('11111111-0000-0000-0000-000000000007'),
        UUID_TO_BIN('22222222-0000-0000-0000-000000000007'),
        UUID_TO_BIN('33333333-0000-0000-0000-000000000007'),
        10, 'PUBLIC', '패션 유니버스', '패션과 뷰티 관련 유니버스입니다.', '2025-07-09 15:06:00', '2025-07-09 15:06:00'),

       (UUID_TO_BIN('01980936-67d1-7cb2-90a0-08adbc3548e2'), 1, 1, 'leaf',
        UUID_TO_BIN('11111111-0000-0000-0000-000000000008'),
        UUID_TO_BIN('22222222-0000-0000-0000-000000000008'),
        UUID_TO_BIN('33333333-0000-0000-0000-000000000008'),
        7, 'PRIVATE', '비공개 뷰티', '비공개 패션 콘텐츠입니다.', '2025-07-09 15:07:00', '2025-07-09 15:07:00'),

       (UUID_TO_BIN('01980936-67d1-7190-9357-3a6c0639d3a4'), 3, 1, 'leaf',
        UUID_TO_BIN('11111111-0000-0000-0000-000000000009'),
        UUID_TO_BIN('22222222-0000-0000-0000-000000000009'),
        UUID_TO_BIN('33333333-0000-0000-0000-000000000009'),
        4, 'PUBLIC', '웰니스 유니버스', '웰빙과 건강을 위한 콘텐츠입니다.', '2025-07-09 15:08:00', '2025-07-09 15:08:00'),

       (UUID_TO_BIN('01980936-67d1-714d-85a6-862e794e845b'), 1, 2, 'leaf',
        UUID_TO_BIN('11111111-0000-0000-0000-000000000010'),
        UUID_TO_BIN('22222222-0000-0000-0000-000000000010'),
        UUID_TO_BIN('33333333-0000-0000-0000-000000000010'),
        6, 'PUBLIC', '소소한 유니버스', '삶의 소소한 이야기를 담았습니다.', '2025-07-09 15:09:00', '2025-07-09 15:09:00'),

       (UUID_TO_BIN('01980936-67d1-79eb-92e0-4238d7b36b32'), 1, 2, 'leaf',
        UUID_TO_BIN('11111111-0000-0000-0000-000000000011'),
        UUID_TO_BIN('22222222-0000-0000-0000-000000000011'),
        UUID_TO_BIN('33333333-0000-0000-0000-000000000011'),
        1, 'PUBLIC', '럭셔리 유니버스', '럭셔리와 아름다움의 세계입니다.', '2025-07-09 15:10:00', '2025-07-09 15:10:00'),

       (UUID_TO_BIN('01980936-67d1-7e75-a426-641c6ea89905'), 2, 2, 'leaf',
        UUID_TO_BIN('11111111-0000-0000-0000-000000000012'),
        UUID_TO_BIN('22222222-0000-0000-0000-000000000012'),
        UUID_TO_BIN('33333333-0000-0000-0000-000000000012'),
        0, 'PUBLIC', '우주', '유니버스는 우주입니다.', '2025-07-09 15:11:00', '2025-07-09 15:11:00');


INSERT INTO SPACE (UUID, TITLE, DESCRIPTION,
                   BACKGROUND_FILE_ID, UNIVERSE_ID, PARENT_SPACE_ID,
                   OUTLINE_POINTS, HIDDEN, CREATED_TIME, UPDATED_TIME)
VALUES
-- SPACE1 (유니버스의 스페이스-1)
(UUID_TO_BIN('018f0f92-dcf4-7b70-8d56-cf96e1b7f001'), 'SPACE1', '유니버스의 스페이스-1',
 UUID_TO_BIN('028f0f92-dcf4-7b70-8d56-cf96e1b7f037'), 1, NULL,
 '[ [0.1, 0.1], [0.1, 0.2], [0.2, 0.2], [0.2, 0.1] ]', false, '2025-07-09 15:00:00', '2025-07-09 15:00:00'),

-- SPACE2 (유니버스의 스페이스-2)
(UUID_TO_BIN('018f0f92-dcf4-7b70-8d56-cf96e1b7f002'), 'SPACE2', '유니버스의 스페이스-2',
 UUID_TO_BIN('028f0f92-dcf4-7b70-8d56-cf96e1b7f038'), 1, NULL,
 '[ [0.2, 0.2], [0.2, 0.3], [0.3, 0.3], [0.3, 0.2] ]', false, '2025-07-09 15:00:00', '2025-07-09 15:00:00'),

-- SPACE3 (SPACE1의 자식 스페이스-1)
(UUID_TO_BIN('018f0f92-dcf4-7b70-8d56-cf96e1b7f003'), 'SPACE3', '스페이스1의 스페이스-1',
 UUID_TO_BIN('028f0f92-dcf4-7b70-8d56-cf96e1b7f039'), 1, UUID_TO_BIN('018f0f92-dcf4-7b70-8d56-cf96e1b7f001'),
 '[ [0.3, 0.3], [0.3, 0.4], [0.4, 0.4], [0.4, 0.3] ]', false, '2025-07-09 15:00:00', '2025-07-09 15:00:00'),

-- SPACE4 (SPACE2의 자식 스페이스-1)
(UUID_TO_BIN('018f0f92-dcf4-7b70-8d56-cf96e1b7f004'), 'SPACE4', '스페이스2의 스페이스-1',
 UUID_TO_BIN('028f0f92-dcf4-7b70-8d56-cf96e1b7f040'), 1, UUID_TO_BIN('018f0f92-dcf4-7b70-8d56-cf96e1b7f002'),
 '[ [0.4, 0.4], [0.4, 0.5], [0.5, 0.5], [0.5, 0.4] ]', false, '2025-07-09 15:00:00', '2025-07-09 15:00:00'),

-- SPACE5 (SPACE2의 자식 스페이스-2)
(UUID_TO_BIN('018f0f92-dcf4-7b70-8d56-cf96e1b7f005'), 'SPACE5', '스페이스2의 스페이스-2',
 UUID_TO_BIN('028f0f92-dcf4-7b70-8d56-cf96e1b7f041'), 1, UUID_TO_BIN('018f0f92-dcf4-7b70-8d56-cf96e1b7f002'),
 '[ [0.5, 0.5], [0.5, 0.6], [0.6, 0.6], [0.6, 0.5] ]', true,  '2025-07-09 15:00:00', '2025-07-09 15:00:00');


INSERT INTO PIECE (UUID, TITLE, DESCRIPTION,
                   IMAGE_FILE_ID, UNIVERSE_ID, PARENT_SPACE_ID,
                   OUTLINE_POINTS, HIDDEN, CREATED_TIME, UPDATED_TIME)
VALUES
-- PIECE1 (유니버스-1)
(UUID_TO_BIN('118f0f92-dcf4-7b70-8d56-cf96e1b7f001'), 'PIECE1', '유니버스의 피스-1',
 NULL, 1, NULL,
 '[ [0.70, 0.70], [0.80, 0.70], [0.80, 0.80], [0.70, 0.80] ]', false, '2025-07-09 15:00:00', '2025-07-09 15:00:00'),

-- PIECE2 (스페이스1-1)
(UUID_TO_BIN('118f0f92-dcf4-7b70-8d56-cf96e1b7f002'), 'PIECE2', '스페이스1의 피스-1',
 NULL, 1, UUID_TO_BIN('018f0f92-dcf4-7b70-8d56-cf96e1b7f001'),
 '[ [0.85, 0.70], [0.95, 0.70], [0.95, 0.80], [0.85, 0.80] ]', false, '2025-07-09 15:00:00', '2025-07-09 15:00:00'),

-- PIECE3 (스페이스3-1)
(UUID_TO_BIN('118f0f92-dcf4-7b70-8d56-cf96e1b7f003'), 'PIECE3', '스페이스3의 피스-1',
 NULL, 1, UUID_TO_BIN('018f0f92-dcf4-7b70-8d56-cf96e1b7f003'),
 '[ [0.70, 0.85], [0.80, 0.85], [0.80, 0.95], [0.70, 0.95] ]', false, '2025-07-09 15:00:00', '2025-07-09 15:00:00'),

-- PIECE4 (스페이스4-1)
(UUID_TO_BIN('118f0f92-dcf4-7b70-8d56-cf96e1b7f004'), 'PIECE4', '스페이스4의 피스-1',
 NULL, 1, UUID_TO_BIN('018f0f92-dcf4-7b70-8d56-cf96e1b7f004'),
 '[ [0.85, 0.85], [0.95, 0.85], [0.95, 0.95], [0.85, 0.95] ]', false, '2025-07-09 15:00:00', '2025-07-09 15:00:00'),

-- PIECE5 (스페이스4-2)
(UUID_TO_BIN('118f0f92-dcf4-7b70-8d56-cf96e1b7f005'), 'PIECE5', '스페이스4의 피스-2',
 NULL, 1, UUID_TO_BIN('018f0f92-dcf4-7b70-8d56-cf96e1b7f004'),
 '[ [0.70, 0.60], [0.80, 0.60], [0.80, 0.68], [0.70, 0.68] ]', false, '2025-07-09 15:00:00', '2025-07-09 15:00:00'),

-- PIECE6 (스페이스5-1)
(UUID_TO_BIN('118f0f92-dcf4-7b70-8d56-cf96e1b7f006'), 'PIECE6', '스페이스5의 피스-1',
 NULL, 1, UUID_TO_BIN('018f0f92-dcf4-7b70-8d56-cf96e1b7f005'),
 '[ [0.85, 0.60], [0.95, 0.60], [0.95, 0.68], [0.85, 0.68] ]', false, '2025-07-09 15:00:00', '2025-07-09 15:00:00'),

-- PIECE7 (스페이스5-2)ƒ
(UUID_TO_BIN('118f0f92-dcf4-7b70-8d56-cf96e1b7f007'), 'PIECE7', '스페이스5의 피스-2',
 NULL, 1, UUID_TO_BIN('018f0f92-dcf4-7b70-8d56-cf96e1b7f005'),
 '[ [0.70, 0.50], [0.80, 0.50], [0.80, 0.58], [0.70, 0.58] ]', false, '2025-07-09 15:00:00', '2025-07-09 15:00:00');


INSERT INTO SOUND (UUID, TITLE, DESCRIPTION, AUDIO_FILE_ID, HIDDEN, PIECE_ID, CREATED_TIME, UPDATED_TIME)
VALUES
-- SOUND1 (PIECE4)
(UUID_TO_BIN('518f0f92-dcf4-7b70-8d56-cf96e1b7f001'), '물소리', '잔잔한 시냇물 소리를 담았습니다.',
 UUID_TO_BIN('618f0f92-dcf4-7b70-8d56-cf96e1b7f042'), true, 4, '2025-07-09 15:00:00', '2025-07-09 15:00:00'),

-- SOUND2 (PIECE4)
(UUID_TO_BIN('518f0f92-dcf4-7b70-8d56-cf96e1b7f002'), '숲속 새소리', '숲속에서 들려오는 다양한 새들의 지저귐입니다.',
 UUID_TO_BIN('618f0f92-dcf4-7b70-8d56-cf96e1b7f043'), true, 4, '2025-07-09 15:00:00', '2025-07-09 15:00:00'),

-- SOUND3 (PIECE4)
(UUID_TO_BIN('518f0f92-dcf4-7b70-8d56-cf96e1b7f003'), '빗소리', '창밖으로 들리는 부드러운 빗소리입니다.',
 UUID_TO_BIN('618f0f92-dcf4-7b70-8d56-cf96e1b7f044'), true, 4, '2025-07-09 15:00:00', '2025-07-09 15:00:00'),

-- SOUND4 (PIECE4)
(UUID_TO_BIN('518f0f92-dcf4-7b70-8d56-cf96e1b7f004'), '모닥불', '불꽃이 타오르며 나무가 타는 따뜻한 소리입니다.',
 UUID_TO_BIN('618f0f92-dcf4-7b70-8d56-cf96e1b7f045'), true, 4, '2025-07-09 15:00:00', '2025-07-09 15:00:00'),

-- SOUND5 (PIECE5)
(UUID_TO_BIN('518f0f92-dcf4-7b70-8d56-cf96e1b7f005'), '파도소리', '해변에 밀려오는 파도소리를 담았습니다.',
 UUID_TO_BIN('618f0f92-dcf4-7b70-8d56-cf96e1b7f046'), true, 5, '2025-07-09 15:00:00', '2025-07-09 15:00:00'),

-- SOUND6 (PIECE5)
(UUID_TO_BIN('518f0f92-dcf4-7b70-8d56-cf96e1b7f006'), '카페 배경음', '조용한 카페에서 사람들의 대화와 잔 소리가 어우러진 환경음입니다.',
 UUID_TO_BIN('618f0f92-dcf4-7b70-8d56-cf96e1b7f047'), true, 5, '2025-07-09 15:00:00', '2025-07-09 15:00:00'),

-- SOUND7 (PIECE5)
(UUID_TO_BIN('518f0f92-dcf4-7b70-8d56-cf96e1b7f007'), '산책길', '자연 속 산책길에서 들리는 발자국 소리와 새소리입니다.',
 UUID_TO_BIN('618f0f92-dcf4-7b70-8d56-cf96e1b7f048'), true, 5, '2025-07-09 15:00:00', '2025-07-09 15:00:00'),

-- SOUND8 (PIECE5)
(UUID_TO_BIN('518f0f92-dcf4-7b70-8d56-cf96e1b7f008'), '도시의 아침', '도시에서 아침에 들리는 자동차 소리와 사람들의 움직임입니다.',
 UUID_TO_BIN('618f0f92-dcf4-7b70-8d56-cf96e1b7f049'), true, 5, '2025-07-09 15:00:00', '2025-07-09 15:00:00'),

-- SOUND9 (PIECE6)
(UUID_TO_BIN('518f0f92-dcf4-7b70-8d56-cf96e1b7f009'), '바람 소리', '들판을 스치는 부드러운 바람 소리입니다.',
 UUID_TO_BIN('618f0f92-dcf4-7b70-8d56-cf96e1b7f050'), true, 6, '2025-07-09 15:00:00', '2025-07-09 15:00:00'),

-- SOUND10 (PIECE6)
(UUID_TO_BIN('518f0f92-dcf4-7b70-8d56-cf96e1b7f010'), '명상 종소리', '마음을 가라앉히는 명상용 종소리입니다.',
 UUID_TO_BIN('618f0f92-dcf4-7b70-8d56-cf96e1b7f051'), true, 6, '2025-07-09 15:00:00', '2025-07-09 15:00:00'),

-- SOUND11 (PIECE7)
(UUID_TO_BIN('518f0f92-dcf4-7b70-8d56-cf96e1b7f011'), '기차역', '기차가 도착하고 출발하는 생동감 있는 역 소리입니다.',
 UUID_TO_BIN('618f0f92-dcf4-7b70-8d56-cf96e1b7f052'), true, 7, '2025-07-09 15:00:00', '2025-07-09 15:00:00');



insert into HASHTAG(ID, TAG)
values (1, 'exist'),
       (2, '우주'),
       (3, '행성'),
       (4, '지구'),
       (5, '별');

insert into UNIVERSE_HASHTAG(ID, HASHTAG_ID, UNIVERSE_ID)
values (1, 2, 1),
       (2, 3, 1),
       (3, 4, 1),
       (4, 5, 1);

insert into UNIVERSE_LIKE(ID, UNIVERSE_ID, USER_ID)
values (1, 1, 1),
       (2, 1, 2),
       (3, 10, 1),
       (4, 10, 2),
       (5, 11, 1),
       (6, 11, 2);